Question,Answer
Where is Kamaraj College of Engineering and Technology located?,"It is located in Virudhunagar, Tamil Nadu, India."
Is KCET an autonomous institution?,"Yes, KCET is an autonomous institution affiliated to Anna University."
When was KCET established?,KCET was established in the year 1998.
What are the undergraduate courses offered at KCET?,KCET offers B.E. and B.Tech programs in various engineering disciplines.
Does KCET offer postgraduate programs?,"Yes, KCET offers M.E., M.Tech, and MBA programs."
Is KCET approved by AICTE?,"Yes, KCET is approved by the AICTE."
What is the official website of KCET?,https://www.kamarajengg.edu.in/
Is there a hostel facility in KCET?,"Yes, both boys and girls hostels are available."
What is the intake capacity for CSE in KCET?,It usually admits around 180 students per year in CSE.
Does KCET offer placement training?,"Yes, the college provides placement training and career guidance."
How is the placement record of KCET?,KCET has a consistent placement record with top companies visiting the campus.
Is there a separate placement cell in KCET?,"Yes, KCET has a dedicated placement and training cell."
What are the top recruiters at KCET?,"TCS, Zoho, Wipro, Infosys, and HCL are some top recruiters."
Does KCET have NBA accreditation?,"Yes, many departments are NBA accredited."
Is there an active alumni network at KCET?,"Yes, KCET has a strong and active alumni network."
Are there clubs and societies for students at KCET?,"Yes, many technical and non-technical clubs are available."
What extracurricular activities are available at KCET?,"Students can participate in sports, arts, and cultural activities."
Does KCET support research and innovation?,"Yes, the college promotes R&D and has research centres."
Are there any startup incubation centers in KCET?,"Yes, KCET has facilities to support student entrepreneurship."
What scholarships are available at KCET?,KCET offers government and private scholarships based on merit and need.
How can I apply to KCET?,You can apply via Tamil Nadu Engineering Admissions (TNEA) or the college website.
Is lateral entry allowed at KCET?,"Yes, diploma holders can apply through lateral entry."
Is KCET NAAC accredited?,"Yes, KCET is NAAC accredited with a good grade."
What departments does KCET have?,"KCET has departments like CSE, ECE, EEE, Mechanical, Civil, etc."
Is there Wi-Fi available on campus?,"Yes, Wi-Fi is available in academic and hostel areas."
Does KCET have a digital library?,"Yes, the library is well-equipped with digital resources."
What is the dress code at KCET?,Students are expected to wear formal or uniform attire based on department guidelines.
Are internships mandatory in KCET?,"Yes, internships are encouraged and sometimes mandatory."
Does KCET conduct industrial visits?,"Yes, regular industrial visits are part of the curriculum."
How is the faculty at KCET?,The faculty members are experienced and well-qualified.
What languages are used for instruction at KCET?,English is the primary medium of instruction.
Is transportation provided by KCET?,"Yes, the college provides bus facilities for students."
Does KCET have a grievance redressal cell?,"Yes, a grievance cell is available for students' concerns."
Is there a women's cell in KCET?,"Yes, KCET has a Women Empowerment Cell."
Are there campus fests at KCET?,"Yes, technical and cultural fests are conducted annually."
What is the exam pattern followed in KCET?,KCET follows Anna Universityâ€™s semester-based examination system.
Does KCET have smart classrooms?,"Yes, some classrooms are equipped with smart learning tools."
Are international conferences held at KCET?,"Yes, national and international conferences are organized."
Is ragging strictly prohibited at KCET?,"Yes, KCET follows a strict anti-ragging policy."
What is the contact number of KCET?,+91-4549-278791/278171
Does KCET provide online learning support?,"Yes, especially during the pandemic, e-learning was adopted."
Are there MOUs with industries?,"Yes, KCET has several MOUs with reputed industries and institutions."
Is there a cafeteria at KCET?,"Yes, a hygienic cafeteria is available for students and staff."
Does KCET offer value-added courses?,"Yes, many departments offer value-added and skill courses."
Are students encouraged for paper publications?,"Yes, students are guided to publish papers in journals and conferences."
Does KCET conduct hackathons or coding contests?,"Yes, regular hackathons and coding events are conducted."
Can I get education loan documents from KCET?,"Yes, the college provides necessary documents for loan application."
Is there a gym facility on campus?,"Yes, KCET provides a well-equipped gym."
Is KCET a co-educational institution?,"Yes, KCET admits both male and female students."
Does KCET offer career guidance for higher studies?,"Yes, the college has a higher studies cell for student support."
Are foreign language classes offered in KCET?,"Yes, foreign language training like Japanese is available in some departments."
